{
"acc_off_x" : 0.000000,
"acc_off_y" : 0.000000,
"acc_off_z" : 0.000000,
"acc_scale_x" : 9.102402,
"acc_scale_y" : 10.389601,
"acc_scale_z" : 10.119051,

"magn_off_x" : 0.000000,
"magn_off_y" : 0.000000,
"magn_off_z" : 0.000000,
"magn_scale_x" : 0.428998,
"magn_scale_y" : 0.410835,
"magn_scale_z" : 0.468244,
}
